AADIC  AADIS  Aaron  abaca  aback  abaft  abamp  abase  abash  abate  Abbas  abbey  Abbey  Abbie  abbot  Abdon  Abdul  abeam  abele  Abell  Abels  abhor  abide  abjad  Ables  Abner  Abney  abode  aboon  abort  about  above  Abram  Abreu  Abron  abuse  abuzz  abysm  abyss  acene  acock  Acoli  Acord  acorn  Acree  acryl  actin  Acton  actor  Acuff  Acuna  acute  adage  Adair  Adame  Adams  adder  Addie  Addis  addle  Adela  Adele  adept  adhan  Adiel  Adlai  admit  Adnan  adobe  adopt  adore  adorn  adult  Aegen  affix  afoot  after  again  agate  agave  agger  Aggie  aggro  aging  aglet  Agnes  Agnew  agony  agora  agree  agrin  agyen  ahead  Ahern  Ahmed  Ahner  Aidan  Aiden  Aiken  Aimee  Akbar  Akers  Akins  Alamo  Alana  alarm  Albee  Alber  Albie  Albin  Albro  album  Alday  Alden  alder  Alder  Aleck  Alejo  alert  Alexa  Alfie  Alger  alias  alibi  Alice  alien  Aliff  align  alike  Aline  alive  Allan  Allen  alley  Alley  Allie  allow  alloy  almah  Almon  alone  along  Alora  alpha  Alsop  Alsup  altar  alter  Altom  Alton  Alven  Alves  Alvey  Alvin  Alvis  Alvyn  Alwin  Alwyn  Amado  Amann  Amara  Amaro  amass  Amata  Amato  Amaya  amber  ambit  ameba  ameer  amend  Amick  amide  amido  amigo  Amira  amiss  Ammon  among  Amore  Amory  ample  amuse  Amyas  Anaya  ancon  Andes  Andre  angel  anger  Angie  Angle  angry  angst  Angus  anima  anime  anion  Anita  Baber  Babin  bacon  Bacon  Bader  badge  badly  Baeza  Bagby  Baier  Baily  Baird  bairn  Baity  Baize  baked  baker  Bakke  Balch  baldy  baler  Bales  Balke  balky  balmy  balsa  Baltz  banal  Banas  Banda  bandy  Bandy  Banes  Baney  bango  Bangs  banhu  banjo  Banks  Banta  Barak  Baran  Barba  barfi  Barge  Baril  Barks  barmy  Barna  Barns  barra  Barra  barre  Barre  Barry  Barta  Barth  Barto  Bartz  Basic  basis  Basso  batch  Bates  Batey  Caleb  Cales  Caley  calix  Calle  Calum  Calvo  camel  cameo  Campa  Campo  campy  can't  Canas  Candi  candy  Candy  caner  canny  canoe  Canon  Cantu  Canty  Canup  Capel  caper  Caple  capon  Capps  Caren  carer  carex  Carey  cargo  Carla  Carle  Carlo  Carls  Carly  carol  Carol  Caron  carry  Carte  Carty  carve  Carys  Casas  Casey  Cason  caste  Casto  catch  Cater  Cates  Cathi  Catie  Catoe  Caton  caulk  cauri  cause  Caver  Cavin  cease  Cecie  Cecil  cedar  celeb  Celia  Celis  cello  cento  Cerda  ceric  Cerna  Cerny  Cerys  Cesar  Chace  chafe  Chaim  chain  chair  chalk  Chalk  champ  Champ  Chang  chant  chaos  Chapa  chard  charm  charr  chart  chary  chase  Chase  cheap  cheat  check  cheek  Cheek  cheer  chela  Cheng  Cheri  Chery  chess  Chess  chest  chevy  chibi  chick  Chick  Chico  chide  chief  child  Child  Chile  chill  chime  chimp  china  China  Ching  Chinn  chirp  Chism  choad  choco  chode  choir  choke  chomp  Chong  chord  Chris  Chubi  Chuck  Chung  chunk  Chunn  Chupp  churn  chute  Chute  Ciara  cider  cigar  ciggy  Cilla  cinch  Cindi  Cindy  circa  cisco  Cisco  civet  civic  civil  Claar  clack  Clack  clade  claim  Clair  clamp  clank  Clapp  Clara  Clare  Clark  clart  Clary  clash  clasp  class  Claud  Claus  clave  clean  Cleek  Clegg  clerk  click  cliff  Cliff  Clift  climb  clime  cline  Cline  cling  Clint  cloak  clock  clomp  Aarush  abacus  Abakan  Abarca  abaser  abasia  abatee  abater  abatis  abbacy  Abbate  abbess  Abbott  Abdiel  abduct  Abeyta  abider  abient  abject  abjure  ablate  ablaut  ablaze  abloom  ablush  aboard  abound  abrade  Abrams  Abrego  abroad  abrupt  abseil  Absher  absorb  Abston  absurd  acacia  acacin  acarid  accede  accent  accept  access  accord  accost  accrue  accuse  acetal  acetic  Aceves  acidic  acidly  Ackley  Acklin  Acosta  acquit  across  acting  action  active  actual  acylal  adagio  Adames  Adcock  addict  adduct  Adelia  Adella  Adelle  adhere  adipic  adjust  Adkins  Adolph  adorer  Adorno  advent  adverb  aerate  aerial  aerify  aether  aethyr  Afeefa  affair  affect  affine  afford  Afghan  afield  Afonin  afraid  Africa  afters  Agatha  ageing  agency  agenda  aghast  Aglaia  agouti  Aguayo  Aguero  Aguiar  Aguila  Aharon  Ahearn  Ahlers  Ahrens  aidman  Aiello  Aikens  aikido  Aileen  airbag  airbus  airing  airman  Aitken  Aiyush  Ajeesh  Alaina  Alanis  Alaniz  Alanna  Alaric  alarum  Alaska  Albano  albeit  Albers  Albert  Albina  albino  Albino  alburn  Alcala  Alcorn  Aldana  aldose  Alecia  Aleman  Alesha  Alessi  Aletta  Alexia  Alexis  Alfano  Alfaro  Alford  Alfred  Alicea  Alicia  alight  Alisha  Alison  aliyah  Aliyah  Alkire  Allain  Allard  allege  allele  allene  Allman  Allmon  Allred  Allsop  Allums  allure  Almira  almond  Almond  almost  Alonso  Alonzo  alpaca  Alpert  Altaic  Althea  Altman  Alvina  Alvord  always  Alyssa  Amabel  Amador  amadou  Amalia  Amanda  Amaral  Ambers  Ambler  Ambriz  ambush  ballad  ballet  Ballew  ballot  Ballou  Balmer  Balogh  Baltic  bamboo  Bamdoo  Banach  banana  bandog  banger  bangle  banish  banker  Banker  banner  Bannon  bantam  Banton  Barack  barbed  Barbee  Barber  barbet  Barbie  Barbra  Barcia  Barcus  Barden  Bardin  Barela  barely  Bargas  Barger  Barham  barion  barite  barium  barker  Barker  Barkov  barley  Barley  Barlow  barman  Barner  Barnes  barney  Barney  Barnum  Barone  barony  barque  Barras  barrel  barren  Barrie  Barron  Barros  barrow  Barrow  Bartee  barter  Barter  Barton  Bartos  basalt  Bascom  Basham  bashaw  Bashaw  basher  Bashir  Basile  basket  Baskin  Basler  basque  baston  bather  batoon  Batres  Batson  batten  Batten  batter  battle  Batton  Baucom  Bauder  Bauman  Baumer  bawbee  Baxley  Baxter  bayamo  Bayles  Baylis  Baylor  Baynes  bazaar  Bazile  beacon  beadle  Beadle  Beagle  Beaird  Beaman  beamer  Beamon  Beason  beaten  Beaton  Beatty  beauty  beaver  Beaver  Becker  beckon  Becnel  become  Becton  Bedard  bedbug  Bedell  bedlam  Bednar  bedpan  Beedle  Beeler  Beeman  Beeson  beetle  befall  before  Begaye  beggar  begger  Begley  behalf  behead  behind  Behnke  behold  behoof  behove  Beiler  Belair  Belden  belfry  belief  Belize  Belkin  Beller  Bellis  bellow  belong  Belote  Belser  Belton  beluga  Bembry  bemoan  Benard  cachou  cackle  caddie  Cadena  cafard  Caffee  Caffey  Cahill  Cahoon  caiman  Caines  Cairns  Calder  Calfee  caliph  Callan  Callen  caller  Calles  Callie  Callis  Callum  calmly  Calton  Calvin  camach  Camara  Camden  camera  Camire  camlet  Camper  campos  Campos  campus  Canaan  Canada  Canady  Canale  canard  canary  cancel  Cancel  cancer  candle  candor  Canela  canine  Canipe  cannon  Cannon  canoer  Canola  canopy  Canter  Cantin  Canton  Cantor  Canute  canvas  canyon  Capers  Caplan  Caples  caplet  Capone  captor  Caputo  carafe  carbon  cardan  Carden  Carder  cardia  Cardin  career  caress  Carina  Carino  Carley  Carlie  Carlin  Carlos  Carman  Carmel  Carmen  Carmon  carnal  Carner  Carnes  Carney  Carole  Caroll  Carone  Carper  carpet  Carpio  carrel  Carrie  Carrol  Carron  carrot  Carson  Cartee  cartel  Carter  Caruso  carved  carvel  carven  Carver  casaba  Casady  Casale  Cascio  casein  Casias  casing  casino  casket  Caskey  Caspar  Casper  Cassel  Cassie  Casson  Caster  castle  Castle  Caston  Castor  Castro  casual  catgut  Cathal  Cathar  Cathay  Cathey  Cathie  cation  catkin  Catlin  catnip  Catron  cattle  caudal  Caudle  Cauley  Causey  caveat  cavern  caviar  cavity  Cawley  Cayden  Caylor  Cayton  Ceasar  Cecere  Cecile  Cecily  Cedeno  cedent  Cedric  Ceecee  Celaya  celery  Celina  Celine  cellar  Celtic  censer  census  Center  Cepeda  cepham  Cephas  cereal  cerium  cerous  cervix  cesium  cesura  Chabot  Chacon  chadar  chador  Chafin  Dendy  denim  Denis  Denny  dense  Depaz  Depew  depot  Depue  Depuy  derby  Derby  Derek  Deric  derro  Derry  Desai  deuce  Dever  devil  Devoe  Devon  Devos  Dewar  Dewey  dhikr  dhoti  Dials  Diane  Diann  diary  Dicks  Dicky  Dicus  Diego  Diehl  Dietz  Digby  Diggs  digit  dildo  Dildy  Dileo  Dille  Dills  Dimas  Dinah  Dinan  dingo  dingy  dinky  Dione  dippy  dirge  Dirks  dirty  disco  Dison  ditch  Ditto  divot  Dixon  Dizon  dizzy  Doane  Dobbs  Dobos  Dodds  dodge  Dodge  dodgy  Dodie  Doerr  doggy  doily  Dolan  Dolby  Doles  dolly  Dolly  dolos  Dolph  donee  Doner  Dones  Doney  Donis  Donna  Donny  donor  Doody  doped  doper  Doran  Dorey  dorgi  Doris  doser  doubt  dough  Dougo  doula  douse  Douse  Dover  Dowdy  Downs  dowry  Doyle  Doyon  dozen  dozer  draft  drain  drake  Drake  drapa  drape  dread  dream  Eakin  Ealey  Eames  Eanes  Earle  Earls  early  Early  earth  Earth  easel  easer  Eason  eater  Eaton  eaves  Eaves  Ebbie  Ebert  Ebner  Ebola  ebony  Ebony  Ecker  Ector  Eddie  edema  Edens  Edgar  Edgin  Edick  edict  edify  Edith  Edlyn  Edney  Edson  Edwin  eejit  Eells  eerie  Effie  Efird  Eggen  Egger  Egypt  Ehsan  eider  eight  eject  eking  elate  Elbie  elbow  elder  Elder  elect  elegy  Elena  elfin  Elgan  Elgar  Elgin  Elias  elide  Eliel  Eliot  Elise  Eliza  Elkin  Ellen  Eller  Ellie  Ellis  Elmer  elope  Elrod  Elroy  Elser  Elsie  Elson  Elton  elven  elver  Elvin  email  embed  ember  Embry  Emert  Emery  Emile  Emily  emmet  Emmie  Emond  Emory  empty  ender  endow  enemy  Engen  Enger  Engle  enjoy  Enloe  Enlow  Ennis  ennui  Enoch  enose  Ensor  enter  entry  envoy  Epley  epoch  epoxy  equal  erase  Erato  ergot  Dawson  Dayton  dazzle  deacon  Deacon  deader  deafen  Dealba  dealer  Deanda  Deanna  Dearth  deasil  Deason  Deaton  Deaver  debate  Debbie  Deboer  Debolt  Debora  Debord  Debose  debunk  decade  Decamp  decane  deceit  decent  decide  decked  Decker  Declan  Declue  decode  decree  Dedmon  deduct  Deegan  Deemer  deepen  deeply  Deeter  deface  defeat  defect  defend  defile  define  Deford  Degnan  Degraw  degree  Degree  Dehaan  Dehart  Deines  deixis  Dejohn  Dejong  Dekker  Delano  Deleon  delete  delict  Delong  Delrio  Deluca  delude  deluge  Deluna  Demaio  demand  Demars  Demelo  dement  Dement  Demers  Demery  Deming  demise  Demmer  Demoss  Demott  Demuth  denary  Denham  denial  denier  Denise  Denman  Denney  Dennie  Dennis  Denson  dentin  Denton  depart  Depaul  depend  depict  deputy  Dereck  Derick  deride  derive  Dermot  Derosa  Derose  Deryck  desert  design  desire  desman  Desoto  detail  detour  Devaki  Devane  Deveau  Devers  device  Devine  devise  Gallo  Games  Gamez  gamin  gamma  Gandy  Ganey  ganja  Gantt  Gantz  Gaona  Garay  garbo  Garey  Garry  Garst  Garth  Garza  Gates  gator  Gatti  Gatto  gauge  Gault  Gauna  gaunt  Gaunt  Gause  gauss  gauze  gavel  Gavin  Gavle  Gayle  Gazza  Geary  gecko  geest  Geise  gemma  Gemma  gemot  genet  genre  genus  geode  Geoff  Gerda  Geren  Gerke  Gerow  Gerri  Gerry  Gerth  Gertz  gesso  Geter  Getty  Geyer  Ghana  ghost  giant  Gibbs  Gibby  Giese  gigot  Giles  Gills  gimme  ginch  Gines  ginge  Ginny  Gioia  gippo  gipsy  Giron  girth  gitty  Given  giver  glade  glaik  gland  glare  glass  glaze  Glaze  gleam  glean  glede  gleek  gleet  Glenn  Glick  glide  glint  gloat  globe  gloom  glory  gloss  glove  Gluck  Glynn  gmail  gnash  gnome  Gober  Goble  Godin  godly  Godoy  goety  Goetz  gofer  Hause  Havel  haven  Haven  havoc  Hawes  Hawks  Hayes  Hayne  hazel  Hazel  Hazen  Heady  Heald  Healy  Heaps  Heard  Hearn  heart  heath  Heath  heavy  hedge  Hedge  hefty  Heidi  Heine  Heins  Heise  Heiss  heist  Heitz  Heldt  Helen  Helga  helix  hello  Helms  helot  hemps  hence  hende  Henke  Henny  Herod  heron  Heron  Hersh  Hesse  Hetty  Heuer  Hewes  hexad  Heyer  hezbo  Hiatt  Hibbs  Hicks  Hiers  Hiett  Higgs  hight  Hight  hijab  hiker  Hilda  Hiles  Hills  hilly  Hilma  Hiltz  himbo  Himes  Hindi  Hinds  Hiner  Hines  hinge  hinky  hinny  Hintz  Hiott  hippo  Hipps  Hiram  Hirsh  Hirst  Hiser  hitch  Hitch  Hixon  Hoang  hoard  Hoard  Hoban  Hobbs  Hobby  Hobdy  Hodge  Hoeft  Hoehn  Hofer  Hogan  Hogle  Hogue  hoist  hokey  Hokie  holly  Holly  Holst  Holte  Holtz  Holub  Homan  Homer  Homes  homey  homie  Honda  Honea  honey  honky  honor  Honor  Hooks  hoose  Hoppe  Horak  Horan  horde  Horne  horny  horse  Horst  horsy  Horta  Hosea  Hosey  hotel  Houck  Houde  Hough  Houle  hound  houri  house  hovel  hover  Hovey  Hovis  Hower  Howes  Howie  Howle  Howse  Howze  Hoxie  Hoyer  Hoyle  Hoyos  Hsieh  Huang  Hubbs  hubby  Hudak  huffy  Huges  Hughs  Hulme  Hulse  Hults  human  Humes  humid  humor  humpy  humus  hunch  huqin  hurry  hurst  Hurst  Hurtt  husky  hussy  hutch  Hutto  Huynh  Hwang  Hyatt  Hyden  Hyder  hydra  hyena  hying  Hyman  Hymel  hymen  Hymes  Faison  Faizan  falcon  Faller  Fallin  Fallis  Fallon  fallow  falter  family  famine  famish  famous  fandom  fanfic  fanged  Fannie  Fannin  Farber  fardel  Fareed  Farias  Farina  Farish  Farkas  Farley  Farlow  farmer  Farmer  Farner  Farnum  Farrar  Farren  Farrer  Farris  farrow  Farrow  farter  Fasano  fasten  father  fathom  Fatima  fatten  faucet  Faught  faulty  favela  Favela  Favors  favour  Feagin  fecund  feeble  feeder  Feeley  Feeney  feisty  Felder  Felice  feline  Felipe  Felker  fellah  feller  Feller  fellow  felony  Felton  female  fembot  fencer  Fender  fennec  fennel  Fenner  Fenske  Fenton  Fergus  Fermin  Ferree  Ferrel  Ferrer  ferret  Ferrin  Ferris  fervid  fervor  fester  fetter  Fetter  fettle  Fetzer  feudal  Fewell  fewter  fiance  fiasco  fickle  fiddle  fidget  Fidler  Fields  fierce  Fierro  Figaro  filing  fillet  fillip  filter  filthy  Fingal  finger  finish  finite  Finkel  Finkle  Finlay  Finley  Finney  firing  firman  firmly  fiscal  Fiscus  Fishel  Fisher  fitter  fizzle  flabby  flagon  flange  flatsy  Flavia  fleece  Fleury  flexor  flight  flimsy  Flippo  floppy  Flores  Florez  Florio  Flossy  flower  Flower  fluent  fluffy  Fluker  flurry  Gianna  gibber  gibbon  Gibson  Gideon  gidgee  Giffin  gifted  giggle  giggly  Giglio  gigolo  Gildea  gilded  gilder  Gilder  Gilead  gilgai  Gilkey  Gillam  Gillen  Gilles  Gilley  Gillis  Gillum  Gilman  Gilmer  Gilpin  Gilroy  Gilson  Gimbel  gimlet  Ginder  ginger  Ginger  ginkgo  ginnel  Ginter  Gipson  Girard  girdle  girlie  Giroux  gished  Giusti  Givens  glacis  gladly  Gladys  glague  glaive  glance  Glantz  Glasco  Glaser  glassy  Glaude  Glazer  Glenda  Glenna  Glenys  glider  Glines  glitch  global  gloomy  Gloria  glossy  Glover  glower  gluten  glycal  glycan  Glynis  gnomic  gnomon  gobbet  Gobeil  Gobert  Godbey  Godley  godord  Godsey  godson  Godwin  Goebel  Goggin  Goguen  Goidel  Goines  Goings  golden  Golden  Golder  Goldie  Golson  Gonyea  goober  Gooden  Goodin  goofer  google  Google  googly  googol  goonie  Gorden  Gordie Gordon gorget gorgon Gorham Gorman Gorney Gorski Gorton Goslin gospel
